province,year,subject_group,score,segment_count,cumulative_count
广东,2025,物理类,750,0,0
广东,2025,物理类,749,0,0
广东,2025,物理类,748,0,0
广东,2025,物理类,747,1,1
广东,2025,物理类,746,0,1
广东,2025,物理类,745,0,1
广东,2025,物理类,744,1,2
广东,2025,物理类,743,0,2
广东,2025,物理类,742,1,3
广东,2025,物理类,741,0,3
广东,2025,物理类,740,0,3
广东,2025,物理类,739,1,4
广东,2025,物理类,738,0,4
广东,2025,物理类,737,0,4
广东,2025,物理类,736,1,5
广东,2025,物理类,735,0,5
广东,2025,物理类,734,1,6
广东,2025,物理类,733,0,6
广东,2025,物理类,732,0,6
广东,2025,物理类,731,1,7
广东,2025,物理类,730,0,7
广东,2025,物理类,729,0,7
广东,2025,物理类,728,1,8
广东,2025,物理类,727,0,8
广东,2025,物理类,726,1,9
广东,2025,物理类,725,0,9
广东,2025,物理类,724,0,9
广东,2025,物理类,723,1,10
广东,2025,物理类,722,0,10
广东,2025,物理类,721,1,11
广东,2025,物理类,720,0,11
广东,2025,物理类,719,0,11
广东,2025,物理类,718,1,12
广东,2025,物理类,717,0,12
广东,2025,物理类,716,0,12
广东,2025,物理类,715,1,13
广东,2025,物理类,714,0,13
广东,2025,物理类,713,1,14
广东,2025,物理类,712,0,14
广东,2025,物理类,711,0,14
广东,2025,物理类,710,1,15
广东,2025,物理类,709,0,15
广东,2025,物理类,708,0,15
广东,2025,物理类,707,1,16
广东,2025,物理类,706,0,16
广东,2025,物理类,705,1,17
广东,2025,物理类,704,0,17
广东,2025,物理类,703,0,17
广东,2025,物理类,702,1,18
广东,2025,物理类,701,0,18
广东,2025,物理类,700,1,19
广东,2025,物理类,699,2,21
广东,2025,物理类,698,3,24
广东,2025,物理类,697,2,26
广东,2025,物理类,696,3,29
广东,2025,物理类,695,3,32
广东,2025,物理类,694,3,35
广东,2025,物理类,693,4,39
广东,2025,物理类,692,3,42
广东,2025,物理类,691,4,46
广东,2025,物理类,690,4,50
广东,2025,物理类,689,4,54
广东,2025,物理类,688,4,58
广东,2025,物理类,687,5,63
广东,2025,物理类,686,4,67
广东,2025,物理类,685,5,72
广东,2025,物理类,684,5,77
广东,2025,物理类,683,6,83
广东,2025,物理类,682,5,88
广东,2025,物理类,681,6,94
广东,2025,物理类,680,6,100
广东,2025,物理类,679,6,106
广东,2025,物理类,678,6,112
广东,2025,物理类,677,6,118
广东,2025,物理类,676,6,124
广东,2025,物理类,675,6,130
广东,2025,物理类,674,6,136
广东,2025,物理类,673,6,142
广东,2025,物理类,672,6,148
广东,2025,物理类,671,6,154
广东,2025,物理类,670,6,160
广东,2025,物理类,669,8,168
广东,2025,物理类,668,8,176
广东,2025,物理类,667,8,184
广东,2025,物理类,666,8,192
广东,2025,物理类,665,8,200
广东,2025,物理类,664,10,210
广东,2025,物理类,663,10,220
广东,2025,物理类,662,10,230
广东,2025,物理类,661,10,240
广东,2025,物理类,660,10,250
广东,2025,物理类,659,12,262
广东,2025,物理类,658,12,274
广东,2025,物理类,657,12,286
广东,2025,物理类,656,12,298
广东,2025,物理类,655,12,310
广东,2025,物理类,654,16,326
广东,2025,物理类,653,16,342
广东,2025,物理类,652,16,358
广东,2025,物理类,651,16,374
广东,2025,物理类,650,16,390
广东,2025,物理类,649,22,412
广东,2025,物理类,648,22,434
广东,2025,物理类,647,22,456
广东,2025,物理类,646,22,478
广东,2025,物理类,645,22,500
广东,2025,物理类,644,28,528
广东,2025,物理类,643,28,556
广东,2025,物理类,642,28,584
广东,2025,物理类,641,28,612
广东,2025,物理类,640,28,640
广东,2025,物理类,639,36,676
广东,2025,物理类,638,36,712
广东,2025,物理类,637,36,748
广东,2025,物理类,636,36,784
广东,2025,物理类,635,36,820
广东,2025,物理类,634,46,866
广东,2025,物理类,633,46,912
广东,2025,物理类,632,46,958
广东,2025,物理类,631,46,1004
广东,2025,物理类,630,46,1050
广东,2025,物理类,629,60,1110
广东,2025,物理类,628,60,1170
广东,2025,物理类,627,60,1230
广东,2025,物理类,626,60,1290
广东,2025,物理类,625,60,1350
广东,2025,物理类,624,80,1430
广东,2025,物理类,623,80,1510
广东,2025,物理类,622,80,1590
广东,2025,物理类,621,80,1670
广东,2025,物理类,620,80,1750
广东,2025,物理类,619,110,1860
广东,2025,物理类,618,110,1970
广东,2025,物理类,617,110,2080
广东,2025,物理类,616,110,2190
广东,2025,物理类,615,110,2300
广东,2025,物理类,614,140,2440
广东,2025,物理类,613,140,2580
广东,2025,物理类,612,140,2720
广东,2025,物理类,611,140,2860
广东,2025,物理类,610,140,3000
广东,2025,物理类,609,180,3180
广东,2025,物理类,608,180,3360
广东,2025,物理类,607,180,3540
广东,2025,物理类,606,180,3720
广东,2025,物理类,605,180,3900
广东,2025,物理类,604,220,4120
广东,2025,物理类,603,220,4340
广东,2025,物理类,602,220,4560
广东,2025,物理类,601,220,4780
广东,2025,物理类,600,220,5000
广东,2025,物理类,599,280,5280
广东,2025,物理类,598,280,5560
广东,2025,物理类,597,280,5840
广东,2025,物理类,596,280,6120
广东,2025,物理类,595,280,6400
广东,2025,物理类,594,360,6760
广东,2025,物理类,593,360,7120
广东,2025,物理类,592,360,7480
广东,2025,物理类,591,360,7840
广东,2025,物理类,590,360,8200
广东,2025,物理类,589,460,8660
广东,2025,物理类,588,460,9120
广东,2025,物理类,587,460,9580
广东,2025,物理类,586,460,10040
广东,2025,物理类,585,460,10500
广东,2025,物理类,584,600,11100
广东,2025,物理类,583,600,11700
广东,2025,物理类,582,600,12300
广东,2025,物理类,581,600,12900
广东,2025,物理类,580,600,13500
广东,2025,物理类,579,800,14300
广东,2025,物理类,578,800,15100
广东,2025,物理类,577,800,15900
广东,2025,物理类,576,800,16700
广东,2025,物理类,575,800,17500
广东,2025,物理类,574,1000,18500
广东,2025,物理类,573,1000,19500
广东,2025,物理类,572,1000,20500
广东,2025,物理类,571,1000,21500
广东,2025,物理类,570,1000,22500
广东,2025,物理类,569,1100,23600
广东,2025,物理类,568,1100,24700
广东,2025,物理类,567,1100,25800
广东,2025,物理类,566,1100,26900
广东,2025,物理类,565,1100,28000
广东,2025,物理类,564,1400,29400
广东,2025,物理类,563,1400,30800
广东,2025,物理类,562,1400,32200
广东,2025,物理类,561,1400,33600
广东,2025,物理类,560,1400,35000
广东,2025,物理类,559,1600,36600
广东,2025,物理类,558,1600,38200
广东,2025,物理类,557,1600,39800
广东,2025,物理类,556,1600,41400
广东,2025,物理类,555,1600,43000
广东,2025,物理类,554,1800,44800
广东,2025,物理类,553,1800,46600
广东,2025,物理类,552,1800,48400
广东,2025,物理类,551,1800,50200
广东,2025,物理类,550,1800,52000
广东,2025,物理类,549,2000,54000
广东,2025,物理类,548,2000,56000
广东,2025,物理类,547,2000,58000
广东,2025,物理类,546,2000,60000
广东,2025,物理类,545,2000,62000
广东,2025,物理类,544,2200,64200
广东,2025,物理类,543,2200,66400
广东,2025,物理类,542,2200,68600
广东,2025,物理类,541,2200,70800
广东,2025,物理类,540,2200,73000
广东,2025,物理类,539,2400,75400
广东,2025,物理类,538,2400,77800
广东,2025,物理类,537,2400,80200
广东,2025,物理类,536,2400,82600
广东,2025,物理类,535,2400,85000
广东,2025,物理类,534,2000,87000
广东,2025,物理类,533,2000,89000
广东,2025,物理类,532,2000,91000
广东,2025,物理类,531,2000,93000
广东,2025,物理类,530,2000,95000
广东,2025,物理类,529,2000,97000
广东,2025,物理类,528,2000,99000
广东,2025,物理类,527,2000,101000
广东,2025,物理类,526,2000,103000
广东,2025,物理类,525,2000,105000
广东,2025,物理类,524,2000,107000
广东,2025,物理类,523,2000,109000
广东,2025,物理类,522,2000,111000
广东,2025,物理类,521,2000,113000
广东,2025,物理类,520,2000,115000
广东,2025,物理类,519,2200,117200
广东,2025,物理类,518,2200,119400
广东,2025,物理类,517,2200,121600
广东,2025,物理类,516,2200,123800
广东,2025,物理类,515,2200,126000
广东,2025,物理类,514,2200,128200
广东,2025,物理类,513,2200,130400
广东,2025,物理类,512,2200,132600
广东,2025,物理类,511,2200,134800
广东,2025,物理类,510,2200,137000
广东,2025,物理类,509,2200,139200
广东,2025,物理类,508,2200,141400
广东,2025,物理类,507,2200,143600
广东,2025,物理类,506,2200,145800
广东,2025,物理类,505,2200,148000
广东,2025,物理类,504,2400,150400
广东,2025,物理类,503,2400,152800
广东,2025,物理类,502,2400,155200
广东,2025,物理类,501,2400,157600
广东,2025,物理类,500,2400,160000
广东,2025,物理类,499,2400,162400
广东,2025,物理类,498,2400,164800
广东,2025,物理类,497,2400,167200
广东,2025,物理类,496,2400,169600
广东,2025,物理类,495,2400,172000
广东,2025,物理类,494,2600,174600
广东,2025,物理类,493,2600,177200
广东,2025,物理类,492,2600,179800
广东,2025,物理类,491,2600,182400
广东,2025,物理类,490,2600,185000
广东,2025,物理类,489,2600,187600
广东,2025,物理类,488,2600,190200
广东,2025,物理类,487,2600,192800
广东,2025,物理类,486,2600,195400
广东,2025,物理类,485,2600,198000
广东,2025,物理类,484,2800,200800
广东,2025,物理类,483,2800,203600
广东,2025,物理类,482,2800,206400
广东,2025,物理类,481,2800,209200
广东,2025,物理类,480,2800,212000
广东,2025,物理类,479,2800,214800
广东,2025,物理类,478,2800,217600
广东,2025,物理类,477,2800,220400
广东,2025,物理类,476,2800,223200
广东,2025,物理类,475,2800,226000
广东,2025,物理类,474,2800,228800
广东,2025,物理类,473,2800,231600
广东,2025,物理类,472,2800,234400
广东,2025,物理类,471,2800,237200
广东,2025,物理类,470,2800,240000
广东,2025,物理类,469,3000,243000
广东,2025,物理类,468,3000,246000
广东,2025,物理类,467,3000,249000
广东,2025,物理类,466,3000,252000
广东,2025,物理类,465,3000,255000
广东,2025,物理类,464,3000,258000
广东,2025,物理类,463,3000,261000
广东,2025,物理类,462,3000,264000
广东,2025,物理类,461,3000,267000
广东,2025,物理类,460,3000,270000
广东,2025,物理类,459,3000,273000
广东,2025,物理类,458,3000,276000
广东,2025,物理类,457,3000,279000
广东,2025,物理类,456,3000,282000
广东,2025,物理类,455,3000,285000
广东,2025,物理类,454,3000,288000
广东,2025,物理类,453,3000,291000
广东,2025,物理类,452,3000,294000
广东,2025,物理类,451,3000,297000
广东,2025,物理类,450,3000,300000
广东,2025,物理类,449,3000,303000
广东,2025,物理类,448,3000,306000
广东,2025,物理类,447,3000,309000
广东,2025,物理类,446,3000,312000
广东,2025,物理类,445,3000,315000
广东,2025,物理类,444,3000,318000
广东,2025,物理类,443,3000,321000
广东,2025,物理类,442,3000,324000
广东,2025,物理类,441,3000,327000
广东,2025,物理类,440,3000,330000
广东,2025,物理类,439,3750,333750
广东,2025,物理类,438,3750,337500
广东,2025,物理类,437,3750,341250
广东,2025,物理类,436,3750,345000
广东,2025,物理类,435,3000,348000
广东,2025,物理类,434,2400,350400
广东,2025,物理类,433,2400,352800
广东,2025,物理类,432,2400,355200
广东,2025,物理类,431,2400,357600
广东,2025,物理类,430,2400,360000
广东,2025,物理类,429,2400,362400
广东,2025,物理类,428,2400,364800
广东,2025,物理类,427,2400,367200
广东,2025,物理类,426,2400,369600
广东,2025,物理类,425,2400,372000
广东,2025,物理类,424,2400,374400
广东,2025,物理类,423,2400,376800
广东,2025,物理类,422,2400,379200
广东,2025,物理类,421,2400,381600
广东,2025,物理类,420,2400,384000
广东,2025,物理类,419,2200,386200
广东,2025,物理类,418,2200,388400
广东,2025,物理类,417,2200,390600
广东,2025,物理类,416,2200,392800
广东,2025,物理类,415,2200,395000
广东,2025,物理类,414,2200,397200
广东,2025,物理类,413,2200,399400
广东,2025,物理类,412,2200,401600
广东,2025,物理类,411,2200,403800
广东,2025,物理类,410,2200,406000
广东,2025,物理类,409,2200,408200
广东,2025,物理类,408,2200,410400
广东,2025,物理类,407,2200,412600
广东,2025,物理类,406,2200,414800
广东,2025,物理类,405,2200,417000
广东,2025,物理类,404,2200,419200
广东,2025,物理类,403,2200,421400
广东,2025,物理类,402,2200,423600
广东,2025,物理类,401,2200,425800
广东,2025,物理类,400,2200,428000
广东,2025,物理类,399,340,428340
广东,2025,物理类,398,340,428680
广东,2025,物理类,397,340,429020
广东,2025,物理类,396,340,429360
广东,2025,物理类,395,340,429700
广东,2025,物理类,394,340,430040
广东,2025,物理类,393,340,430380
广东,2025,物理类,392,340,430720
广东,2025,物理类,391,340,431060
广东,2025,物理类,390,340,431400
广东,2025,物理类,389,340,431740
广东,2025,物理类,388,340,432080
广东,2025,物理类,387,340,432420
广东,2025,物理类,386,340,432760
广东,2025,物理类,385,340,433100
广东,2025,物理类,384,340,433440
广东,2025,物理类,383,340,433780
广东,2025,物理类,382,340,434120
广东,2025,物理类,381,340,434460
广东,2025,物理类,380,340,434800
广东,2025,物理类,379,340,435140
广东,2025,物理类,378,340,435480
广东,2025,物理类,377,340,435820
广东,2025,物理类,376,340,436160
广东,2025,物理类,375,340,436500
广东,2025,物理类,374,340,436840
广东,2025,物理类,373,340,437180
广东,2025,物理类,372,340,437520
广东,2025,物理类,371,340,437860
广东,2025,物理类,370,340,438200
广东,2025,物理类,369,340,438540
广东,2025,物理类,368,340,438880
广东,2025,物理类,367,340,439220
广东,2025,物理类,366,340,439560
广东,2025,物理类,365,340,439900
广东,2025,物理类,364,340,440240
广东,2025,物理类,363,340,440580
广东,2025,物理类,362,340,440920
广东,2025,物理类,361,340,441260
广东,2025,物理类,360,340,441600
广东,2025,物理类,359,340,441940
广东,2025,物理类,358,340,442280
广东,2025,物理类,357,340,442620
广东,2025,物理类,356,340,442960
广东,2025,物理类,355,340,443300
广东,2025,物理类,354,340,443640
广东,2025,物理类,353,340,443980
广东,2025,物理类,352,340,444320
广东,2025,物理类,351,340,444660
广东,2025,物理类,350,340,445000
广东,2025,物理类,349,100,445100
广东,2025,物理类,348,100,445200
广东,2025,物理类,347,100,445300
广东,2025,物理类,346,100,445400
广东,2025,物理类,345,100,445500
广东,2025,物理类,344,100,445600
广东,2025,物理类,343,100,445700
广东,2025,物理类,342,100,445800
广东,2025,物理类,341,100,445900
广东,2025,物理类,340,100,446000
广东,2025,物理类,339,100,446100
广东,2025,物理类,338,100,446200
广东,2025,物理类,337,100,446300
广东,2025,物理类,336,100,446400
广东,2025,物理类,335,100,446500
广东,2025,物理类,334,100,446600
广东,2025,物理类,333,100,446700
广东,2025,物理类,332,100,446800
广东,2025,物理类,331,100,446900
广东,2025,物理类,330,100,447000
广东,2025,物理类,329,100,447100
广东,2025,物理类,328,100,447200
广东,2025,物理类,327,100,447300
广东,2025,物理类,326,100,447400
广东,2025,物理类,325,100,447500
广东,2025,物理类,324,100,447600
广东,2025,物理类,323,100,447700
广东,2025,物理类,322,100,447800
广东,2025,物理类,321,100,447900
广东,2025,物理类,320,100,448000
广东,2025,物理类,319,100,448100
广东,2025,物理类,318,100,448200
广东,2025,物理类,317,100,448300
广东,2025,物理类,316,100,448400
广东,2025,物理类,315,100,448500
广东,2025,物理类,314,100,448600
广东,2025,物理类,313,100,448700
广东,2025,物理类,312,100,448800
广东,2025,物理类,311,100,448900
广东,2025,物理类,310,100,449000
广东,2025,物理类,309,100,449100
广东,2025,物理类,308,100,449200
广东,2025,物理类,307,100,449300
广东,2025,物理类,306,100,449400
广东,2025,物理类,305,100,449500
广东,2025,物理类,304,100,449600
广东,2025,物理类,303,100,449700
广东,2025,物理类,302,100,449800
广东,2025,物理类,301,100,449900
广东,2025,物理类,300,100,450000
广东,2025,物理类,299,10,450010
广东,2025,物理类,298,10,450020
广东,2025,物理类,297,10,450030
广东,2025,物理类,296,10,450040
广东,2025,物理类,295,10,450050
广东,2025,物理类,294,10,450060
广东,2025,物理类,293,10,450070
广东,2025,物理类,292,10,450080
广东,2025,物理类,291,10,450090
广东,2025,物理类,290,10,450100
广东,2025,物理类,289,10,450110
广东,2025,物理类,288,10,450120
广东,2025,物理类,287,10,450130
广东,2025,物理类,286,10,450140
广东,2025,物理类,285,10,450150
广东,2025,物理类,284,10,450160
广东,2025,物理类,283,10,450170
广东,2025,物理类,282,10,450180
广东,2025,物理类,281,10,450190
广东,2025,物理类,280,10,450200
广东,2025,物理类,279,10,450210
广东,2025,物理类,278,10,450220
广东,2025,物理类,277,10,450230
广东,2025,物理类,276,10,450240
广东,2025,物理类,275,10,450250
广东,2025,物理类,274,10,450260
广东,2025,物理类,273,10,450270
广东,2025,物理类,272,10,450280
广东,2025,物理类,271,10,450290
广东,2025,物理类,270,10,450300
广东,2025,物理类,269,10,450310
广东,2025,物理类,268,10,450320
广东,2025,物理类,267,10,450330
广东,2025,物理类,266,10,450340
广东,2025,物理类,265,10,450350
广东,2025,物理类,264,10,450360
广东,2025,物理类,263,10,450370
广东,2025,物理类,262,10,450380
广东,2025,物理类,261,10,450390
广东,2025,物理类,260,10,450400
广东,2025,物理类,259,10,450410
广东,2025,物理类,258,10,450420
广东,2025,物理类,257,10,450430
广东,2025,物理类,256,10,450440
广东,2025,物理类,255,10,450450
广东,2025,物理类,254,10,450460
广东,2025,物理类,253,10,450470
广东,2025,物理类,252,10,450480
广东,2025,物理类,251,10,450490
广东,2025,物理类,250,10,450500
广东,2025,物理类,249,10,450510
广东,2025,物理类,248,10,450520
广东,2025,物理类,247,10,450530
广东,2025,物理类,246,10,450540
广东,2025,物理类,245,10,450550
广东,2025,物理类,244,10,450560
广东,2025,物理类,243,10,450570
广东,2025,物理类,242,10,450580
广东,2025,物理类,241,10,450590
广东,2025,物理类,240,10,450600
广东,2025,物理类,239,10,450610
广东,2025,物理类,238,10,450620
广东,2025,物理类,237,10,450630
广东,2025,物理类,236,10,450640
广东,2025,物理类,235,10,450650
广东,2025,物理类,234,10,450660
广东,2025,物理类,233,10,450670
广东,2025,物理类,232,10,450680
广东,2025,物理类,231,10,450690
广东,2025,物理类,230,10,450700
广东,2025,物理类,229,10,450710
广东,2025,物理类,228,10,450720
广东,2025,物理类,227,10,450730
广东,2025,物理类,226,10,450740
广东,2025,物理类,225,10,450750
广东,2025,物理类,224,10,450760
广东,2025,物理类,223,10,450770
广东,2025,物理类,222,10,450780
广东,2025,物理类,221,10,450790
广东,2025,物理类,220,10,450800
广东,2025,物理类,219,10,450810
广东,2025,物理类,218,10,450820
广东,2025,物理类,217,10,450830
广东,2025,物理类,216,10,450840
广东,2025,物理类,215,10,450850
广东,2025,物理类,214,10,450860
广东,2025,物理类,213,10,450870
广东,2025,物理类,212,10,450880
广东,2025,物理类,211,10,450890
广东,2025,物理类,210,10,450900
广东,2025,物理类,209,10,450910
广东,2025,物理类,208,10,450920
广东,2025,物理类,207,10,450930
广东,2025,物理类,206,10,450940
广东,2025,物理类,205,10,450950
广东,2025,物理类,204,10,450960
广东,2025,物理类,203,10,450970
广东,2025,物理类,202,10,450980
广东,2025,物理类,201,10,450990
广东,2025,物理类,200,10,451000
广东,2025,物理类,199,0,451000
广东,2025,物理类,198,0,451000
广东,2025,物理类,197,0,451000
广东,2025,物理类,196,0,451000
广东,2025,物理类,195,0,451000
广东,2025,物理类,194,0,451000
广东,2025,物理类,193,0,451000
广东,2025,物理类,192,0,451000
广东,2025,物理类,191,0,451000
广东,2025,物理类,190,0,451000
广东,2025,物理类,189,0,451000
广东,2025,物理类,188,0,451000
广东,2025,物理类,187,0,451000
广东,2025,物理类,186,0,451000
广东,2025,物理类,185,0,451000
广东,2025,物理类,184,0,451000
广东,2025,物理类,183,0,451000
广东,2025,物理类,182,0,451000
广东,2025,物理类,181,0,451000
广东,2025,物理类,180,0,451000
广东,2025,物理类,179,0,451000
广东,2025,物理类,178,0,451000
广东,2025,物理类,177,0,451000
广东,2025,物理类,176,0,451000
广东,2025,物理类,175,0,451000
广东,2025,物理类,174,0,451000
广东,2025,物理类,173,0,451000
广东,2025,物理类,172,0,451000
广东,2025,物理类,171,0,451000
广东,2025,物理类,170,0,451000
广东,2025,物理类,169,0,451000
广东,2025,物理类,168,0,451000
广东,2025,物理类,167,0,451000
广东,2025,物理类,166,0,451000
广东,2025,物理类,165,0,451000
广东,2025,物理类,164,0,451000
广东,2025,物理类,163,0,451000
广东,2025,物理类,162,0,451000
广东,2025,物理类,161,0,451000
广东,2025,物理类,160,0,451000
广东,2025,物理类,159,0,451000
广东,2025,物理类,158,0,451000
广东,2025,物理类,157,0,451000
广东,2025,物理类,156,0,451000
广东,2025,物理类,155,0,451000
广东,2025,物理类,154,0,451000
广东,2025,物理类,153,0,451000
广东,2025,物理类,152,0,451000
广东,2025,物理类,151,0,451000
广东,2025,物理类,150,0,451000
广东,2025,物理类,149,0,451000
广东,2025,物理类,148,0,451000
广东,2025,物理类,147,0,451000
广东,2025,物理类,146,0,451000
广东,2025,物理类,145,0,451000
广东,2025,物理类,144,0,451000
广东,2025,物理类,143,0,451000
广东,2025,物理类,142,0,451000
广东,2025,物理类,141,0,451000
广东,2025,物理类,140,0,451000
广东,2025,物理类,139,0,451000
广东,2025,物理类,138,0,451000
广东,2025,物理类,137,0,451000
广东,2025,物理类,136,0,451000
广东,2025,物理类,135,0,451000
广东,2025,物理类,134,0,451000
广东,2025,物理类,133,0,451000
广东,2025,物理类,132,0,451000
广东,2025,物理类,131,0,451000
广东,2025,物理类,130,0,451000
广东,2025,物理类,129,0,451000
广东,2025,物理类,128,0,451000
广东,2025,物理类,127,0,451000
广东,2025,物理类,126,0,451000
广东,2025,物理类,125,0,451000
广东,2025,物理类,124,0,451000
广东,2025,物理类,123,0,451000
广东,2025,物理类,122,0,451000
广东,2025,物理类,121,0,451000
广东,2025,物理类,120,0,451000
广东,2025,物理类,119,0,451000
广东,2025,物理类,118,0,451000
广东,2025,物理类,117,0,451000
广东,2025,物理类,116,0,451000
广东,2025,物理类,115,0,451000
广东,2025,物理类,114,0,451000
广东,2025,物理类,113,0,451000
广东,2025,物理类,112,0,451000
广东,2025,物理类,111,0,451000
广东,2025,物理类,110,0,451000
广东,2025,物理类,109,0,451000
广东,2025,物理类,108,0,451000
广东,2025,物理类,107,0,451000
广东,2025,物理类,106,0,451000
广东,2025,物理类,105,0,451000
广东,2025,物理类,104,0,451000
广东,2025,物理类,103,0,451000
广东,2025,物理类,102,0,451000
广东,2025,物理类,101,0,451000
广东,2025,物理类,100,0,451000
广东,2025,历史类,750,0,0
广东,2025,历史类,749,0,0
广东,2025,历史类,748,0,0
广东,2025,历史类,747,0,0
广东,2025,历史类,746,0,0
广东,2025,历史类,745,0,0
广东,2025,历史类,744,0,0
广东,2025,历史类,743,0,0
广东,2025,历史类,742,0,0
广东,2025,历史类,741,0,0
广东,2025,历史类,740,0,0
广东,2025,历史类,739,0,0
广东,2025,历史类,738,0,0
广东,2025,历史类,737,0,0
广东,2025,历史类,736,0,0
广东,2025,历史类,735,0,0
广东,2025,历史类,734,0,0
广东,2025,历史类,733,0,0
广东,2025,历史类,732,0,0
广东,2025,历史类,731,0,0
广东,2025,历史类,730,0,0
广东,2025,历史类,729,0,0
广东,2025,历史类,728,0,0
广东,2025,历史类,727,0,0
广东,2025,历史类,726,0,0
广东,2025,历史类,725,0,0
广东,2025,历史类,724,0,0
广东,2025,历史类,723,0,0
广东,2025,历史类,722,0,0
广东,2025,历史类,721,0,0
广东,2025,历史类,720,0,0
广东,2025,历史类,719,0,0
广东,2025,历史类,718,0,0
广东,2025,历史类,717,0,0
广东,2025,历史类,716,0,0
广东,2025,历史类,715,0,0
广东,2025,历史类,714,0,0
广东,2025,历史类,713,0,0
广东,2025,历史类,712,0,0
广东,2025,历史类,711,0,0
广东,2025,历史类,710,0,0
广东,2025,历史类,709,0,0
广东,2025,历史类,708,0,0
广东,2025,历史类,707,0,0
广东,2025,历史类,706,0,0
广东,2025,历史类,705,0,0
广东,2025,历史类,704,0,0
广东,2025,历史类,703,0,0
广东,2025,历史类,702,0,0
广东,2025,历史类,701,0,0
广东,2025,历史类,700,0,0
广东,2025,历史类,699,0,0
广东,2025,历史类,698,1,1
广东,2025,历史类,697,0,1
广东,2025,历史类,696,1,2
广东,2025,历史类,695,1,3
广东,2025,历史类,694,0,3
广东,2025,历史类,693,0,3
广东,2025,历史类,692,1,4
广东,2025,历史类,691,0,4
广东,2025,历史类,690,1,5
广东,2025,历史类,689,0,5
广东,2025,历史类,688,1,6
广东,2025,历史类,687,0,6
广东,2025,历史类,686,1,7
广东,2025,历史类,685,1,8
广东,2025,历史类,684,0,8
广东,2025,历史类,683,1,9
广东,2025,历史类,682,1,10
广东,2025,历史类,681,1,11
广东,2025,历史类,680,1,12
广东,2025,历史类,679,1,13
广东,2025,历史类,678,1,14
广东,2025,历史类,677,1,15
广东,2025,历史类,676,1,16
广东,2025,历史类,675,1,17
广东,2025,历史类,674,1,18
广东,2025,历史类,673,1,19
广东,2025,历史类,672,2,21
广东,2025,历史类,671,1,22
广东,2025,历史类,670,2,24
广东,2025,历史类,669,1,25
广东,2025,历史类,668,2,27
广东,2025,历史类,667,2,29
广东,2025,历史类,666,2,31
广东,2025,历史类,665,2,33
广东,2025,历史类,664,2,35
广东,2025,历史类,663,2,37
广东,2025,历史类,662,3,40
广东,2025,历史类,661,2,42
广东,2025,历史类,660,3,45
广东,2025,历史类,659,3,48
广东,2025,历史类,658,3,51
广东,2025,历史类,657,3,54
广东,2025,历史类,656,3,57
广东,2025,历史类,655,3,60
广东,2025,历史类,654,4,64
广东,2025,历史类,653,4,68
广东,2025,历史类,652,4,72
广东,2025,历史类,651,4,76
广东,2025,历史类,650,4,80
广东,2025,历史类,649,5,85
广东,2025,历史类,648,5,90
广东,2025,历史类,647,5,95
广东,2025,历史类,646,5,100
广东,2025,历史类,645,5,105
广东,2025,历史类,644,7,112
广东,2025,历史类,643,7,119
广东,2025,历史类,642,7,126
广东,2025,历史类,641,7,133
广东,2025,历史类,640,7,140
广东,2025,历史类,639,9,149
广东,2025,历史类,638,9,158
广东,2025,历史类,637,9,167
广东,2025,历史类,636,9,176
广东,2025,历史类,635,9,185
广东,2025,历史类,634,12,197
广东,2025,历史类,633,12,209
广东,2025,历史类,632,12,221
广东,2025,历史类,631,12,233
广东,2025,历史类,630,12,245
广东,2025,历史类,629,15,260
广东,2025,历史类,628,15,275
广东,2025,历史类,627,15,290
广东,2025,历史类,626,15,305
广东,2025,历史类,625,15,320
广东,2025,历史类,624,20,340
广东,2025,历史类,623,20,360
广东,2025,历史类,622,20,380
广东,2025,历史类,621,20,400
广东,2025,历史类,620,20,420
广东,2025,历史类,619,26,446
广东,2025,历史类,618,26,472
广东,2025,历史类,617,26,498
广东,2025,历史类,616,26,524
广东,2025,历史类,615,26,550
广东,2025,历史类,614,34,584
广东,2025,历史类,613,34,618
广东,2025,历史类,612,34,652
广东,2025,历史类,611,34,686
广东,2025,历史类,610,34,720
广东,2025,历史类,609,46,766
广东,2025,历史类,608,46,812
广东,2025,历史类,607,46,858
广东,2025,历史类,606,46,904
广东,2025,历史类,605,46,950
广东,2025,历史类,604,60,1010
广东,2025,历史类,603,60,1070
广东,2025,历史类,602,60,1130
广东,2025,历史类,601,60,1190
广东,2025,历史类,600,60,1250
广东,2025,历史类,599,80,1330
广东,2025,历史类,598,80,1410
广东,2025,历史类,597,80,1490
广东,2025,历史类,596,80,1570
广东,2025,历史类,595,80,1650
广东,2025,历史类,594,100,1750
广东,2025,历史类,593,100,1850
广东,2025,历史类,592,100,1950
广东,2025,历史类,591,100,2050
广东,2025,历史类,590,100,2150
广东,2025,历史类,589,130,2280
广东,2025,历史类,588,130,2410
广东,2025,历史类,587,130,2540
广东,2025,历史类,586,130,2670
广东,2025,历史类,585,130,2800
广东,2025,历史类,584,170,2970
广东,2025,历史类,583,170,3140
广东,2025,历史类,582,170,3310
广东,2025,历史类,581,170,3480
广东,2025,历史类,580,170,3650
广东,2025,历史类,579,210,3860
广东,2025,历史类,578,210,4070
广东,2025,历史类,577,210,4280
广东,2025,历史类,576,210,4490
广东,2025,历史类,575,210,4700
广东,2025,历史类,574,260,4960
广东,2025,历史类,573,260,5220
广东,2025,历史类,572,260,5480
广东,2025,历史类,571,260,5740
广东,2025,历史类,570,260,6000
广东,2025,历史类,569,320,6320
广东,2025,历史类,568,320,6640
广东,2025,历史类,567,320,6960
广东,2025,历史类,566,320,7280
广东,2025,历史类,565,320,7600
广东,2025,历史类,564,380,7980
广东,2025,历史类,563,380,8360
广东,2025,历史类,562,380,8740
广东,2025,历史类,561,380,9120
广东,2025,历史类,560,380,9500
广东,2025,历史类,559,500,10000
广东,2025,历史类,558,500,10500
广东,2025,历史类,557,500,11000
广东,2025,历史类,556,500,11500
广东,2025,历史类,555,500,12000
广东,2025,历史类,554,600,12600
广东,2025,历史类,553,600,13200
广东,2025,历史类,552,600,13800
广东,2025,历史类,551,600,14400
广东,2025,历史类,550,600,15000
广东,2025,历史类,549,700,15700
广东,2025,历史类,548,700,16400
广东,2025,历史类,547,700,17100
广东,2025,历史类,546,700,17800
广东,2025,历史类,545,700,18500
广东,2025,历史类,544,800,19300
广东,2025,历史类,543,800,20100
广东,2025,历史类,542,800,20900
广东,2025,历史类,541,800,21700
广东,2025,历史类,540,800,22500
广东,2025,历史类,539,900,23400
广东,2025,历史类,538,900,24300
广东,2025,历史类,537,900,25200
广东,2025,历史类,536,900,26100
广东,2025,历史类,535,900,27000
广东,2025,历史类,534,1000,28000
广东,2025,历史类,533,1000,29000
广东,2025,历史类,532,1000,30000
广东,2025,历史类,531,1000,31000
广东,2025,历史类,530,1000,32000
广东,2025,历史类,529,1100,33100
广东,2025,历史类,528,1100,34200
广东,2025,历史类,527,1100,35300
广东,2025,历史类,526,1100,36400
广东,2025,历史类,525,1100,37500
广东,2025,历史类,524,1200,38700
广东,2025,历史类,523,1200,39900
广东,2025,历史类,522,1200,41100
广东,2025,历史类,521,1200,42300
广东,2025,历史类,520,1200,43500
广东,2025,历史类,519,1300,44800
广东,2025,历史类,518,1300,46100
广东,2025,历史类,517,1300,47400
广东,2025,历史类,516,1300,48700
广东,2025,历史类,515,1300,50000
广东,2025,历史类,514,1400,51400
广东,2025,历史类,513,1400,52800
广东,2025,历史类,512,1400,54200
广东,2025,历史类,511,1400,55600
广东,2025,历史类,510,1400,57000
广东,2025,历史类,509,1500,58500
广东,2025,历史类,508,1500,60000
广东,2025,历史类,507,1500,61500
广东,2025,历史类,506,1500,63000
广东,2025,历史类,505,1500,64500
广东,2025,历史类,504,1600,66100
广东,2025,历史类,503,1600,67700
广东,2025,历史类,502,1600,69300
广东,2025,历史类,501,1600,70900
广东,2025,历史类,500,1600,72500
广东,2025,历史类,499,1700,74200
广东,2025,历史类,498,1700,75900
广东,2025,历史类,497,1700,77600
广东,2025,历史类,496,1700,79300
广东,2025,历史类,495,1700,81000
广东,2025,历史类,494,1800,82800
广东,2025,历史类,493,1800,84600
广东,2025,历史类,492,1800,86400
广东,2025,历史类,491,1800,88200
广东,2025,历史类,490,1800,90000
广东,2025,历史类,489,1900,91900
广东,2025,历史类,488,1900,93800
广东,2025,历史类,487,1900,95700
广东,2025,历史类,486,1900,97600
广东,2025,历史类,485,1900,99500
广东,2025,历史类,484,2000,101500
广东,2025,历史类,483,2000,103500
广东,2025,历史类,482,2000,105500
广东,2025,历史类,481,2000,107500
广东,2025,历史类,480,2000,109500
广东,2025,历史类,479,2100,111600
广东,2025,历史类,478,2100,113700
广东,2025,历史类,477,2100,115800
广东,2025,历史类,476,2100,117900
广东,2025,历史类,475,2100,120000
广东,2025,历史类,474,2200,122200
广东,2025,历史类,473,2200,124400
广东,2025,历史类,472,2200,126600
广东,2025,历史类,471,2200,128800
广东,2025,历史类,470,2200,131000
广东,2025,历史类,469,2333,133333
广东,2025,历史类,468,2333,135666
广东,2025,历史类,467,2334,138000
广东,2025,历史类,466,2333,140333
广东,2025,历史类,465,2333,142666
广东,2025,历史类,464,2334,145000
广东,2025,历史类,463,1750,146750
广东,2025,历史类,462,1750,148500
广东,2025,历史类,461,1750,150250
广东,2025,历史类,460,1750,152000
广东,2025,历史类,459,2600,154600
广东,2025,历史类,458,2600,157200
广东,2025,历史类,457,2600,159800
广东,2025,历史类,456,2600,162400
广东,2025,历史类,455,2600,165000
广东,2025,历史类,454,2600,167600
广东,2025,历史类,453,2600,170200
广东,2025,历史类,452,2600,172800
广东,2025,历史类,451,2600,175400
广东,2025,历史类,450,2600,178000
广东,2025,历史类,449,2600,180600
广东,2025,历史类,448,2600,183200
广东,2025,历史类,447,2600,185800
广东,2025,历史类,446,2600,188400
广东,2025,历史类,445,2600,191000
广东,2025,历史类,444,2800,193800
广东,2025,历史类,443,2800,196600
广东,2025,历史类,442,2800,199400
广东,2025,历史类,441,2800,202200
广东,2025,历史类,440,2800,205000
广东,2025,历史类,439,2800,207800
广东,2025,历史类,438,2800,210600
广东,2025,历史类,437,2800,213400
广东,2025,历史类,436,2800,216200
广东,2025,历史类,435,2800,219000
广东,2025,历史类,434,2800,221800
广东,2025,历史类,433,2800,224600
广东,2025,历史类,432,2800,227400
广东,2025,历史类,431,2800,230200
广东,2025,历史类,430,2800,233000
广东,2025,历史类,429,2800,235800
广东,2025,历史类,428,2800,238600
广东,2025,历史类,427,2800,241400
广东,2025,历史类,426,2800,244200
广东,2025,历史类,425,2800,247000
广东,2025,历史类,424,1800,248800
广东,2025,历史类,423,1800,250600
广东,2025,历史类,422,1800,252400
广东,2025,历史类,421,1800,254200
广东,2025,历史类,420,1800,256000
广东,2025,历史类,419,1200,257200
广东,2025,历史类,418,1200,258400
广东,2025,历史类,417,1200,259600
广东,2025,历史类,416,1200,260800
广东,2025,历史类,415,1200,262000
广东,2025,历史类,414,800,262800
广东,2025,历史类,413,800,263600
广东,2025,历史类,412,800,264400
广东,2025,历史类,411,800,265200
广东,2025,历史类,410,800,266000
广东,2025,历史类,409,400,266400
广东,2025,历史类,408,400,266800
广东,2025,历史类,407,400,267200
广东,2025,历史类,406,400,267600
广东,2025,历史类,405,400,268000
广东,2025,历史类,404,0,268000
广东,2025,历史类,403,0,268000
广东,2025,历史类,402,0,268000
广东,2025,历史类,401,0,268000
广东,2025,历史类,400,0,268000
广东,2025,历史类,399,0,268000
广东,2025,历史类,398,0,268000
广东,2025,历史类,397,0,268000
广东,2025,历史类,396,0,268000
广东,2025,历史类,395,0,268000
广东,2025,历史类,394,0,268000
广东,2025,历史类,393,0,268000
广东,2025,历史类,392,0,268000
广东,2025,历史类,391,0,268000
广东,2025,历史类,390,0,268000
广东,2025,历史类,389,0,268000
广东,2025,历史类,388,0,268000
广东,2025,历史类,387,0,268000
广东,2025,历史类,386,0,268000
广东,2025,历史类,385,0,268000
广东,2025,历史类,384,0,268000
广东,2025,历史类,383,0,268000
广东,2025,历史类,382,0,268000
广东,2025,历史类,381,0,268000
广东,2025,历史类,380,0,268000
广东,2025,历史类,379,0,268000
广东,2025,历史类,378,0,268000
广东,2025,历史类,377,0,268000
广东,2025,历史类,376,0,268000
广东,2025,历史类,375,0,268000
广东,2025,历史类,374,0,268000
广东,2025,历史类,373,0,268000
广东,2025,历史类,372,0,268000
广东,2025,历史类,371,0,268000
广东,2025,历史类,370,0,268000
广东,2025,历史类,369,0,268000
广东,2025,历史类,368,0,268000
广东,2025,历史类,367,0,268000
广东,2025,历史类,366,0,268000
广东,2025,历史类,365,0,268000
广东,2025,历史类,364,0,268000
广东,2025,历史类,363,0,268000
广东,2025,历史类,362,0,268000
广东,2025,历史类,361,0,268000
广东,2025,历史类,360,0,268000
广东,2025,历史类,359,0,268000
广东,2025,历史类,358,0,268000
广东,2025,历史类,357,0,268000
广东,2025,历史类,356,0,268000
广东,2025,历史类,355,0,268000
广东,2025,历史类,354,0,268000
广东,2025,历史类,353,0,268000
广东,2025,历史类,352,0,268000
广东,2025,历史类,351,0,268000
广东,2025,历史类,350,0,268000
广东,2025,历史类,349,0,268000
广东,2025,历史类,348,0,268000
广东,2025,历史类,347,0,268000
广东,2025,历史类,346,0,268000
广东,2025,历史类,345,0,268000
广东,2025,历史类,344,0,268000
广东,2025,历史类,343,0,268000
广东,2025,历史类,342,0,268000
广东,2025,历史类,341,0,268000
广东,2025,历史类,340,0,268000
广东,2025,历史类,339,0,268000
广东,2025,历史类,338,0,268000
广东,2025,历史类,337,0,268000
广东,2025,历史类,336,0,268000
广东,2025,历史类,335,0,268000
广东,2025,历史类,334,0,268000
广东,2025,历史类,333,0,268000
广东,2025,历史类,332,0,268000
广东,2025,历史类,331,0,268000
广东,2025,历史类,330,0,268000
广东,2025,历史类,329,0,268000
广东,2025,历史类,328,0,268000
广东,2025,历史类,327,0,268000
广东,2025,历史类,326,0,268000
广东,2025,历史类,325,0,268000
广东,2025,历史类,324,0,268000
广东,2025,历史类,323,0,268000
广东,2025,历史类,322,0,268000
广东,2025,历史类,321,0,268000
广东,2025,历史类,320,0,268000
广东,2025,历史类,319,0,268000
广东,2025,历史类,318,0,268000
广东,2025,历史类,317,0,268000
广东,2025,历史类,316,0,268000
广东,2025,历史类,315,0,268000
广东,2025,历史类,314,0,268000
广东,2025,历史类,313,0,268000
广东,2025,历史类,312,0,268000
广东,2025,历史类,311,0,268000
广东,2025,历史类,310,0,268000
广东,2025,历史类,309,0,268000
广东,2025,历史类,308,0,268000
广东,2025,历史类,307,0,268000
广东,2025,历史类,306,0,268000
广东,2025,历史类,305,0,268000
广东,2025,历史类,304,0,268000
广东,2025,历史类,303,0,268000
广东,2025,历史类,302,0,268000
广东,2025,历史类,301,0,268000
广东,2025,历史类,300,0,268000
广东,2025,历史类,299,0,268000
广东,2025,历史类,298,0,268000
广东,2025,历史类,297,0,268000
广东,2025,历史类,296,0,268000
广东,2025,历史类,295,0,268000
广东,2025,历史类,294,0,268000
广东,2025,历史类,293,0,268000
广东,2025,历史类,292,0,268000
广东,2025,历史类,291,0,268000
广东,2025,历史类,290,0,268000
广东,2025,历史类,289,0,268000
广东,2025,历史类,288,0,268000
广东,2025,历史类,287,0,268000
广东,2025,历史类,286,0,268000
广东,2025,历史类,285,0,268000
广东,2025,历史类,284,0,268000
广东,2025,历史类,283,0,268000
广东,2025,历史类,282,0,268000
广东,2025,历史类,281,0,268000
广东,2025,历史类,280,0,268000
广东,2025,历史类,279,0,268000
广东,2025,历史类,278,0,268000
广东,2025,历史类,277,0,268000
广东,2025,历史类,276,0,268000
广东,2025,历史类,275,0,268000
广东,2025,历史类,274,0,268000
广东,2025,历史类,273,0,268000
广东,2025,历史类,272,0,268000
广东,2025,历史类,271,0,268000
广东,2025,历史类,270,0,268000
广东,2025,历史类,269,0,268000
广东,2025,历史类,268,0,268000
广东,2025,历史类,267,0,268000
广东,2025,历史类,266,0,268000
广东,2025,历史类,265,0,268000
广东,2025,历史类,264,0,268000
广东,2025,历史类,263,0,268000
广东,2025,历史类,262,0,268000
广东,2025,历史类,261,0,268000
广东,2025,历史类,260,0,268000
广东,2025,历史类,259,0,268000
广东,2025,历史类,258,0,268000
广东,2025,历史类,257,0,268000
广东,2025,历史类,256,0,268000
广东,2025,历史类,255,0,268000
广东,2025,历史类,254,0,268000
广东,2025,历史类,253,0,268000
广东,2025,历史类,252,0,268000
广东,2025,历史类,251,0,268000
广东,2025,历史类,250,0,268000
广东,2025,历史类,249,0,268000
广东,2025,历史类,248,0,268000
广东,2025,历史类,247,0,268000
广东,2025,历史类,246,0,268000
广东,2025,历史类,245,0,268000
广东,2025,历史类,244,0,268000
广东,2025,历史类,243,0,268000
广东,2025,历史类,242,0,268000
广东,2025,历史类,241,0,268000
广东,2025,历史类,240,0,268000
广东,2025,历史类,239,0,268000
广东,2025,历史类,238,0,268000
广东,2025,历史类,237,0,268000
广东,2025,历史类,236,0,268000
广东,2025,历史类,235,0,268000
广东,2025,历史类,234,0,268000
广东,2025,历史类,233,0,268000
广东,2025,历史类,232,0,268000
广东,2025,历史类,231,0,268000
广东,2025,历史类,230,0,268000
广东,2025,历史类,229,0,268000
广东,2025,历史类,228,0,268000
广东,2025,历史类,227,0,268000
广东,2025,历史类,226,0,268000
广东,2025,历史类,225,0,268000
广东,2025,历史类,224,0,268000
广东,2025,历史类,223,0,268000
广东,2025,历史类,222,0,268000
广东,2025,历史类,221,0,268000
广东,2025,历史类,220,0,268000
广东,2025,历史类,219,0,268000
广东,2025,历史类,218,0,268000
广东,2025,历史类,217,0,268000
广东,2025,历史类,216,0,268000
广东,2025,历史类,215,0,268000
广东,2025,历史类,214,0,268000
广东,2025,历史类,213,0,268000
广东,2025,历史类,212,0,268000
广东,2025,历史类,211,0,268000
广东,2025,历史类,210,0,268000
广东,2025,历史类,209,0,268000
广东,2025,历史类,208,0,268000
广东,2025,历史类,207,0,268000
广东,2025,历史类,206,0,268000
广东,2025,历史类,205,0,268000
广东,2025,历史类,204,0,268000
广东,2025,历史类,203,0,268000
广东,2025,历史类,202,0,268000
广东,2025,历史类,201,0,268000
广东,2025,历史类,200,0,268000
广东,2025,历史类,199,0,268000
广东,2025,历史类,198,0,268000
广东,2025,历史类,197,0,268000
广东,2025,历史类,196,0,268000
广东,2025,历史类,195,0,268000
广东,2025,历史类,194,0,268000
广东,2025,历史类,193,0,268000
广东,2025,历史类,192,0,268000
广东,2025,历史类,191,0,268000
广东,2025,历史类,190,0,268000
广东,2025,历史类,189,0,268000
广东,2025,历史类,188,0,268000
广东,2025,历史类,187,0,268000
广东,2025,历史类,186,0,268000
广东,2025,历史类,185,0,268000
广东,2025,历史类,184,0,268000
广东,2025,历史类,183,0,268000
广东,2025,历史类,182,0,268000
广东,2025,历史类,181,0,268000
广东,2025,历史类,180,0,268000
广东,2025,历史类,179,0,268000
广东,2025,历史类,178,0,268000
广东,2025,历史类,177,0,268000
广东,2025,历史类,176,0,268000
广东,2025,历史类,175,0,268000
广东,2025,历史类,174,0,268000
广东,2025,历史类,173,0,268000
广东,2025,历史类,172,0,268000
广东,2025,历史类,171,0,268000
广东,2025,历史类,170,0,268000
广东,2025,历史类,169,0,268000
广东,2025,历史类,168,0,268000
广东,2025,历史类,167,0,268000
广东,2025,历史类,166,0,268000
广东,2025,历史类,165,0,268000
广东,2025,历史类,164,0,268000
广东,2025,历史类,163,0,268000
广东,2025,历史类,162,0,268000
广东,2025,历史类,161,0,268000
广东,2025,历史类,160,0,268000
广东,2025,历史类,159,0,268000
广东,2025,历史类,158,0,268000
广东,2025,历史类,157,0,268000
广东,2025,历史类,156,0,268000
广东,2025,历史类,155,0,268000
广东,2025,历史类,154,0,268000
广东,2025,历史类,153,0,268000
广东,2025,历史类,152,0,268000
广东,2025,历史类,151,0,268000
广东,2025,历史类,150,0,268000
广东,2025,历史类,149,0,268000
广东,2025,历史类,148,0,268000
广东,2025,历史类,147,0,268000
广东,2025,历史类,146,0,268000
广东,2025,历史类,145,0,268000
广东,2025,历史类,144,0,268000
广东,2025,历史类,143,0,268000
广东,2025,历史类,142,0,268000
广东,2025,历史类,141,0,268000
广东,2025,历史类,140,0,268000
广东,2025,历史类,139,0,268000
广东,2025,历史类,138,0,268000
广东,2025,历史类,137,0,268000
广东,2025,历史类,136,0,268000
广东,2025,历史类,135,0,268000
广东,2025,历史类,134,0,268000
广东,2025,历史类,133,0,268000
广东,2025,历史类,132,0,268000
广东,2025,历史类,131,0,268000
广东,2025,历史类,130,0,268000
广东,2025,历史类,129,0,268000
广东,2025,历史类,128,0,268000
广东,2025,历史类,127,0,268000
广东,2025,历史类,126,0,268000
广东,2025,历史类,125,0,268000
广东,2025,历史类,124,0,268000
广东,2025,历史类,123,0,268000
广东,2025,历史类,122,0,268000
广东,2025,历史类,121,0,268000
广东,2025,历史类,120,0,268000
广东,2025,历史类,119,0,268000
广东,2025,历史类,118,0,268000
广东,2025,历史类,117,0,268000
广东,2025,历史类,116,0,268000
广东,2025,历史类,115,0,268000
广东,2025,历史类,114,0,268000
广东,2025,历史类,113,0,268000
广东,2025,历史类,112,0,268000
广东,2025,历史类,111,0,268000
广东,2025,历史类,110,0,268000
广东,2025,历史类,109,0,268000
广东,2025,历史类,108,0,268000
广东,2025,历史类,107,0,268000
广东,2025,历史类,106,0,268000
广东,2025,历史类,105,0,268000
广东,2025,历史类,104,0,268000
广东,2025,历史类,103,0,268000
广东,2025,历史类,102,0,268000
广东,2025,历史类,101,0,268000
广东,2025,历史类,100,0,268000
